{
  "scipy__scipy-12474": {
    "size_of_patch": 158,
    "pre_edit_workload_runtime": 3.7743602723348886,
    "improvement": 1.2001491718083643
  },
  "scipy__scipy-10467": {
    "size_of_patch": 22,
    "pre_edit_workload_runtime": 0.3848433731449768,
    "improvement": 3.016304198385927
  },
  "pandas-dev__pandas-51517": {
    "size_of_patch": 150,
    "pre_edit_workload_runtime": 9.377383104339241,
    "improvement": 33.204239108512276
  },
  "astropy__astropy-17461": {
    "size_of_patch": 118,
    "pre_edit_workload_runtime": 0.23459250330924988,
    "improvement": 1.4865711178863084
  },
  "pandas-dev__pandas-49177": {
    "size_of_patch": 51,
    "pre_edit_workload_runtime": 0.0030573892936110497,
    "improvement": 5.517439337122511
  },
  "pandas-dev__pandas-53731": {
    "size_of_patch": 691,
    "pre_edit_workload_runtime": 6.953611031593755,
    "improvement": 293.2119316686934
  },
  "scikit-learn__scikit-learn-15615": {
    "size_of_patch": 34,
    "pre_edit_workload_runtime": 21.041650235978885,
    "improvement": 1.222794788631021
  },
  "pandas-dev__pandas-45387": {
    "size_of_patch": 66,
    "pre_edit_workload_runtime": 0.38247745344182477,
    "improvement": 6.9027691264634665
  },
  "pandas-dev__pandas-42611": {
    "size_of_patch": 95,
    "pre_edit_workload_runtime": 0.007471609414555132,
    "improvement": 41.268044542390186
  },
  "sympy__sympy-20228": {
    "size_of_patch": 28,
    "pre_edit_workload_runtime": 6.236428622412495,
    "improvement": 1147.8256269648612
  },
  "scikit-learn__scikit-learn-29330": {
    "size_of_patch": 109,
    "pre_edit_workload_runtime": 110.50993762305006,
    "improvement": 41.71471477422877
  },
  "scikit-learn__scikit-learn-9858": {
    "size_of_patch": 26,
    "pre_edit_workload_runtime": 38.53245779972834,
    "improvement": 1.8695807128331483
  },
  "pandas-dev__pandas-43352": {
    "size_of_patch": 69,
    "pre_edit_workload_runtime": 0.12783346128417178,
    "improvement": 1.5354237561344672
  },
  "pandas-dev__pandas-48723": {
    "size_of_patch": 31,
    "pre_edit_workload_runtime": 0.4986091745016165,
    "improvement": 7759.48899855308
  },
  "pandas-dev__pandas-26711": {
    "size_of_patch": 43,
    "pre_edit_workload_runtime": 0.4573867621645331,
    "improvement": 46.93415984958715
  },
  "pandas-dev__pandas-57252": {
    "size_of_patch": 85,
    "pre_edit_workload_runtime": 1.221684731002897,
    "improvement": 1.0673148701536157
  },
  "pandas-dev__pandas-37149": {
    "size_of_patch": 62,
    "pre_edit_workload_runtime": 4.151570300438907,
    "improvement": 4761.204723375217
  },
  "pandas-dev__pandas-55736": {
    "size_of_patch": 128,
    "pre_edit_workload_runtime": 4.336669368902221,
    "improvement": 1.1324267093886131
  },
  "astropy__astropy-7616": {
    "size_of_patch": 26,
    "pre_edit_workload_runtime": 0.04145215283613652,
    "improvement": 1.238087372542368
  },
  "pandas-dev__pandas-52541": {
    "size_of_patch": 69,
    "pre_edit_workload_runtime": 0.33071398300584404,
    "improvement": 4.188764221802584
  },
  "scikit-learn__scikit-learn-17235": {
    "size_of_patch": 207,
    "pre_edit_workload_runtime": 0.436773847755976,
    "improvement": 4.316439926971039
  },
  "sympy__sympy-21391": {
    "size_of_patch": 27,
    "pre_edit_workload_runtime": 4.879428080725484,
    "improvement": 2.108781060914753
  },
  "scipy__scipy-11358": {
    "size_of_patch": 81,
    "pre_edit_workload_runtime": 0.5507973689585924,
    "improvement": 31.831780732283516
  },
  "scipy__scipy-16840": {
    "size_of_patch": 123,
    "pre_edit_workload_runtime": 0.14102999734925106,
    "improvement": 11.211100143789668
  },
  "pandas-dev__pandas-28447": {
    "size_of_patch": 122,
    "pre_edit_workload_runtime": 5.1273549709934745,
    "improvement": 852.4590194644578
  },
  "pandas-dev__pandas-55084": {
    "size_of_patch": 35,
    "pre_edit_workload_runtime": 1.153585561621003,
    "improvement": 1.2586384331887772
  },
  "pandas-dev__pandas-57534": {
    "size_of_patch": 40,
    "pre_edit_workload_runtime": 0.38814166174037384,
    "improvement": 2.250070158131558
  },
  "dask__dask-10922": {
    "size_of_patch": 17,
    "pre_edit_workload_runtime": 65.61250957497396,
    "improvement": 254.67673390142653
  },
  "pandas-dev__pandas-40339": {
    "size_of_patch": 83,
    "pre_edit_workload_runtime": 0.6445609424007125,
    "improvement": 1.1189658429850233
  },
  "pandas-dev__pandas-26391": {
    "size_of_patch": 64,
    "pre_edit_workload_runtime": 4.007920302916318,
    "improvement": 2.669317803326068
  },
  "astropy__astropy-15900": {
    "size_of_patch": 62,
    "pre_edit_workload_runtime": 9.600330283865332e-05,
    "improvement": 1.1335230834010481
  },
  "astropy__astropy-16096": {
    "size_of_patch": 14,
    "pre_edit_workload_runtime": 0.00015921693136915566,
    "improvement": 1.3155612069949618
  },
  "pandas-dev__pandas-51518": {
    "size_of_patch": 13,
    "pre_edit_workload_runtime": 0.6793577489675954,
    "improvement": 16.42163860028668
  },
  "pandas-dev__pandas-56089": {
    "size_of_patch": 37,
    "pre_edit_workload_runtime": 0.17008645960129798,
    "improvement": 5.24281217712719
  },
  "pandas-dev__pandas-37130": {
    "size_of_patch": 20,
    "pre_edit_workload_runtime": 0.0003358799467328936,
    "improvement": 68.17934060851414
  },
  "pandas-dev__pandas-39972": {
    "size_of_patch": 37,
    "pre_edit_workload_runtime": 0.23982333244523033,
    "improvement": 2.7315094696863285
  },
  "numpy__numpy-13250": {
    "size_of_patch": 36,
    "pre_edit_workload_runtime": 0.5650390067882836,
    "improvement": 1.0739667988779622
  },
  "pandas-dev__pandas-52430": {
    "size_of_patch": 65,
    "pre_edit_workload_runtime": 0.20817354230186902,
    "improvement": 18955.059901011646
  },
  "pandas-dev__pandas-51738": {
    "size_of_patch": 111,
    "pre_edit_workload_runtime": 0.19098996438551694,
    "improvement": 2764.667000700068
  },
  "pandas-dev__pandas-34178": {
    "size_of_patch": 66,
    "pre_edit_workload_runtime": 0.11215426218695938,
    "improvement": 3.324262124294867
  },
  "pandas-dev__pandas-40178": {
    "size_of_patch": 168,
    "pre_edit_workload_runtime": 0.29845793650485575,
    "improvement": 1.1185801731585714
  },
  "pandas-dev__pandas-32825": {
    "size_of_patch": 112,
    "pre_edit_workload_runtime": 0.08997178901918232,
    "improvement": 12.464192004799141
  },
  "pandas-dev__pandas-48609": {
    "size_of_patch": 66,
    "pre_edit_workload_runtime": 0.4415309780300595,
    "improvement": 2.117369437780004
  },
  "scipy__scipy-10393": {
    "size_of_patch": 3925,
    "pre_edit_workload_runtime": 2.2647097520530224e-05,
    "improvement": 1.7331873476055897
  },
  "pandas-dev__pandas-38103": {
    "size_of_patch": 37,
    "pre_edit_workload_runtime": 0.0003965504311560653,
    "improvement": 6.907848440436678
  },
  "pandas-dev__pandas-44758": {
    "size_of_patch": 82,
    "pre_edit_workload_runtime": 0.2639537052770611,
    "improvement": 3.297073782850151
  },
  "pandas-dev__pandas-43308": {
    "size_of_patch": 54,
    "pre_edit_workload_runtime": 0.00022270062611205504,
    "improvement": 1.9130552843723851
  },
  "pandas-dev__pandas-52548": {
    "size_of_patch": 81,
    "pre_edit_workload_runtime": 2.7860246520955116,
    "improvement": 49.12930526894226
  },
  "pandas-dev__pandas-31409": {
    "size_of_patch": 57,
    "pre_edit_workload_runtime": 1.4926845425739885e-05,
    "improvement": 3.5391553879089477
  },
  "scipy__scipy-19776": {
    "size_of_patch": 138,
    "pre_edit_workload_runtime": 0.03227877098345198,
    "improvement": 1.4992333734162697
  },
  "pandas-dev__pandas-51339": {
    "size_of_patch": 25,
    "pre_edit_workload_runtime": 0.012652455133618786,
    "improvement": 7.36040548613265
  },
  "pandas-dev__pandas-43285": {
    "size_of_patch": 14,
    "pre_edit_workload_runtime": 0.132077696332708,
    "improvement": 3.0191946380436683
  },
  "pandas-dev__pandas-39332": {
    "size_of_patch": 78,